{
  "generatedBy": "Microsoft.NET.Sdk.Functions.Generator-4.5.0",
  "configurationSource": "attributes",
  "bindings": [
    {
      "type": "queueTrigger",
      "connection": "AzureWebJobsStorage",
      "queueName": "start-job-queue",
      "name": "jobId"
    },
    {
      "type": "queue",
      "connection": "AzureWebJobsStorage",
      "queueName": "image-processing-queue",
      "name": "imageQueueCollector"
    }
  ],
  "disabled": false,
  "scriptFile": "../bin/Inholland.SSPJelleKoomen.dll",
  "entryPoint": "Inholland.SSPJelleKoomen.QueueTriggerFunctions.ProcessJobQueue"
}