{
  "generatedBy": "Microsoft.NET.Sdk.Functions.Generator-4.5.0",
  "configurationSource": "attributes",
  "bindings": [
    {
      "type": "queueTrigger",
      "connection": "AzureWebJobsStorage",
      "queueName": "image-processing-queue",
      "name": "data"
    },
    {
      "type": "blob",
      "connection": "AzureWebJobsStorage",
      "blobPath": "images/{JobId}/{StationId}.png",
      "access": 2,
      "name": "blobStream"
    }
  ],
  "disabled": false,
  "scriptFile": "../bin/Inholland.SSPJelleKoomen.dll",
  "entryPoint": "Inholland.SSPJelleKoomen.QueueTriggerFunctions.ProcessImageQueue"
}