{
  "generatedBy": "Microsoft.NET.Sdk.Functions.Generator-4.5.0",
  "configurationSource": "attributes",
  "bindings": [
    {
      "type": "httpTrigger",
      "methods": [
        "post"
      ],
      "authLevel": "function",
      "name": "req"
    },
    {
      "type": "queue",
      "connection": "AzureWebJobsStorage",
      "queueName": "start-job-queue",
      "name": "startJobQueue"
    }
  ],
  "disabled": false,
  "scriptFile": "../bin/Inholland.SSPJelleKoomen.dll",
  "entryPoint": "Inholland.SSPJelleKoomen.HttpTriggerFunctions.StartJob"
}